2993260|SS
16719855|SS
9815564|SS
9532493|SS
16719815|SS
9685885|SS
9683656|SS
9683676|SS
73521232|SS
1203020|SS
2107030|SS
2105050|SS
2105060|SS
9683809|SS
1995018|SS
9667001|SS
9685881|SS
9685896|SS
9683918|SS
9684120|SS
86710211|SS
69357861|SS
9684772|SS
9668083|SS
9669005|SS
9669007|SS
9669014|SS
9685040|SS
9685041|SS
9533677|SS
9684990|SS
9685347|SS
9686241|SS
9668605|SS
16719825|SS
2102005|SS
9532775|SS
2102075|SS
9533940|SS
9536391|SS
9535899|SS
9535829|SS
9535796|SS
9535818|SS
9535817|SS
9535797|SS
9535810|SS
9535354|SS
9535889|SS
2102015|SS
2102040|SS
2102060|SS
9687147|SS
9668244|SS
9687340|SS
9687761|SS
9688074|SS
9688112|SS
69356844|SS
9535401|SS
9689103|SS
9534113|SS
9532867|SS
9685062|SS
9689724|SS
9668604|SS
7200120|SS
9690001|SS
9678603|SS
9532886|SS
9533744|SS
9533129|SS
9532844|SS
9678601|SS
9533402|SS
9532796|SS
9532843|SS
9532846|SS
9678672|SS
9533400|SS
9532797|SS
9532930|SS
9676534|SS
9670233|SS
9671177|SS
9682123|SS
9676859|SS
9668304|SS
9667404|SS
9667405|SS
9667406|SS
9690765|SS
9690821|SS
9690932|SS
69356540|SS
69356539|SS
9677258|SS
9691096|SS
86700220|SS
9691607|SS
9691613|SS
9691623|SS
9691626|SS
9691695|SS
9691697|SS
9692608|SS
9687258|SS
9693014|SS
9693453|SS
9693457|SS
9693460|SS
9693463|SS
9693467|SS
9693468|SS
9693471|SS
9693472|SS
9693473|SS
9693474|SS
9693476|SS
9693477|SS
9693478|SS
9693479|SS
9693480|SS
9693482|SS
9693485|SS
9693488|SS
9667027|SS
9532695|SS
9532692|SS
9693537|SS
9693590|SS
9693607|SS
9693639|SS
9693769|SS
9677462|SS
9694543|SS
9694546|SS
9694547|SS
9694548|SS
9694862|SS
9532798|SS
9695847|SS
9695865|SS
9695866|SS
9695871|SS
9695872|SS
9695873|SS
9695874|SS
9695901|SS
9696072|SS
9696073|SS
9696095|SS
9696287|SS
9696461|SS
9693513|SS
9693643|SS
9693496|SS
9696512|SS
9696600|SS
9164310|SS
9679727|SS
9680260|SS
9672567|SS
73500105|SS
9698714|SS
9698887|SS
9676533|SS
9690558|SS
9699127|SS
9699252|SS
9673980|SS
9684336|SS
9699731|SS
9535159|SS
9534865|SS
9535162|SS
9700161|SS
9700308|SS
9700312|SS
9700534|SS
9685413|SS
9682247|SS
9693784|SS
13201960|SS
9675081|SS
9701443|SS
9693772|SS
9693773|SS
9693775|SS
9693777|SS
9693778|SS
9701634|SS
9701635|SS
9700020|SS
9700021|SS
9700023|SS
9701667|SS
9701050|SS
9701249|SS
9701250|SS
9701252|SS
28300045|SS
9701857|SS
9672378|SS
9673732|SS
9702127|SS
9671526|SS
9673896|SS
9673892|SS
9675602|SS
9702153|SS
9693787|SS
9693788|SS
9693789|SS
9693790|SS
9693791|SS
9693792|SS
9693793|SS
9693795|SS
9702211|SS
9702214|SS
9702239|SS
9702899|SS
9701844|SS
9785717|SS
9693464|SS
9693465|SS
9693483|SS
9693484|SS
9533331|SS
9704249|SS
9704261|SS
9704262|SS
9704263|SS
9704318|SS
9704743|SS
9704791|SS
9705878|SS
9705881|SS
13307601|SS
9706291|SS
9697982|SS
9687246|SS
9681087|SS
9706735|SS
9706749|SS
9706750|SS
9668200|SS
9707162|SS
9707163|SS
9685616|SS
9707280|SS
9680457|SS
9689269|SS
9678024|SS
9532609|SS
9693797|SS
9677881|SS
9677882|SS
9690355|SS
9703232|SS
9707536|SS
9707537|SS
9707538|SS
9707539|SS
9700166|SS
9701877|SS
9703036|SS
9690759|SS
9706464|SS
9707589|SS
9693524|SS
9670186|SS
9694477|SS
9685074|SS
9680131|SS
9692641|SS
9677312|SS
9680674|SS
9704373|SS
9688339|SS
9679961|SS
9679963|SS
9676000|SS
9678854|SS
9697246|SS
9703415|SS
9694473|SS
9680455|SS
9682547|SS
9680134|SS
9681007|SS
9703733|SS
9705950|SS
9676007|SS
9695311|SS
9676006|SS
9701017|SS
9682460|SS
9699077|SS
9699078|SS
9685068|SS
9680579|SS
9708134|SS
9708135|SS
9708136|SS
9708137|SS
9708333|SS
9695515|SS
9708406|SS
9535099|SS
9689312|SS
9702334|SS
9689354|SS
9689353|SS
9689356|SS
9697167|SS
9701030|SS
9695216|SS
9689357|SS
9697174|SS
9689306|SS
9708199|SS
9689363|SS
9689365|SS
9689366|SS
9689368|SS
9689367|SS
9689369|SS
9689371|SS
9697240|SS
9689360|SS
9689361|SS
9689300|SS
9689298|SS
9689299|SS
9706705|SS
9701874|SS
9689301|SS
9701875|SS
9689304|SS
9689305|SS
9706635|SS
9689302|SS
9692658|SS
9707654|SS
9700165|SS
9700167|SS
9700168|SS
9703753|SS
9703752|SS
9694637|SS
9700173|SS
9700170|SS
9700171|SS
9706328|SS
9708521|SS
9680697|SS
9699080|SS
9704782|SS
9702521|SS
9690342|SS
9701931|SS
9698715|SS
9697590|SS
9687115|SS
9678235|SS
9704784|SS
9689605|SS
9697591|SS
9685066|SS
9707254|SS
9706802|SS
9682356|SS
9682459|SS
9678017|SS
9683262|SS
9689608|SS
9702443|SS
9685065|SS
9707255|SS
9700633|SS
9682353|SS
9682540|SS
9679969|SS
9680076|SS
9680075|SS
9701646|SS
9704304|SS
9701645|SS
9704780|SS
9704306|SS
9697588|SS
9686773|SS
9690361|SS
9700175|SS
9676033|SS
9679972|SS
9679973|SS
9697480|SS
9697503|SS
9697593|SS
9690357|SS
9697502|SS
9682462|SS
9701649|SS
9685069|SS
9701021|SS
9690331|SS
9700587|SS
9690335|SS
9701648|SS
9694602|SS
9685070|SS
9697481|SS
9704779|SS
9694597|SS
9694580|SS
9694164|SS
9678029|SS
9676005|SS
9695312|SS
9680077|SS
9680672|SS
9676004|SS
9690360|SS
9701932|SS
9698717|SS
9704786|SS
9701852|SS
9700028|SS
9682464|SS
9689607|SS
9678025|SS
9684194|SS
9685073|SS
9700634|SS
9682463|SS
9704781|SS
9690349|SS
9693528|SS
9698718|SS
9700014|SS
9697505|SS
9708565|SS
9708624|SS
9709134|SS
9709174|SS
9689364|SS
9704135|SS
9709536|SS
9708523|SS
9709963|SS
9709964|SS
9672201|SS
9678851|SS
9678852|SS
9678853|SS
9692607|SS
9710191|SS
9710515|SS
9710516|SS
9710809|SS
9710811|SS
9710813|SS
9710891|SS
9710892|SS
9710919|SS
9710983|SS
9711000|SS
9711001|SS
9711002|SS
9711008|SS
9711010|SS
9711011|SS
9701651|SS
9698716|SS
9711361|SS
9711398|SS
9711438|SS
9711439|SS
9711440|SS
9698897|SS
9711495|SS
9711497|SS
9711531|SS
9673352|SS
9711584|SS
9711585|SS
9711586|SS
9711615|SS
9669333|SS
9711780|SS
9711811|SS
9712305|SS
9712306|SS
9712410|SS
9712416|SS
9712418|SS
9712420|SS
9693364|SS
9693883|SS
86700012|SS
86700022|SS
86700048|SS
86700051|SS
86700052|SS
9673810|SS
9678541|SS
9669332|SS
9712878|SS
9712945|SS
9675190|SS
9675191|SS
9688916|SS
9709961|SS
9711496|SS
9688914|SS
9532870|SS
9712965|SS
9712966|SS
9713038|SS
9713049|SS
9713105|SS
9705880|SS
9713369|SS
9710196|SS
9713454|SS
9708586|SS
9708092|SS
9708097|SS
9713644|SS
9671913|SS
9714023|SS
9714024|SS
9714035|SS
9714038|SS
9714063|SS
9532800|SS
9532869|SS
9534109|SS
9535695|SS
9532325|SS
1607210|SS
13401055|SS
9712716|SS
1607620|SS
69357033|SS
9532861|SS
9532864|SS
9714391|SS
9536230|SS
9700270|SS
9700271|SS
9714510|SS
9714511|SS
9714545|SS
9714546|SS
9714548|SS
9713080|SS
9712944|SS
9713091|SS
9714697|SS
9714720|SS
9714721|SS
9714767|SS
9714768|SS
9714785|SS
9714786|SS
9689359|SS
9695217|SS
9702335|SS
9697109|SS
9668031|SS
9715061|SS
9715296|SS
9715295|SS
9715485|SS
9715500|SS
9715502|SS
9715504|SS
9710996|SS
9715594|SS
9715608|SS
9715647|SS
9715721|SS
9715723|SS
9715718|SS
13205534|SS
9715811|SS
1203040|SS
1202030|SS
1206020|SS
9715899|SS
9712986|SS
9702478|SS
9715308|SS
9676026|SS
87860080|SS
9716412|SS
9716438|SS
9716450|SS
9716521|SS
9693786|SS
9716723|SS
9716734|SS
9716750|SS
9716848|SS
9716880|SS
9716891|SS
9716892|SS
9716773|SS
9716780|SS
9716630|SS
9716877|SS
9716878|SS
9716889|SS
9716882|SS
9716886|SS
9716967|SS
9710192|SS
9709433|SS
9716974|SS
9716972|SS
9717016|SS
9690645|SS
9534124|SS
9717183|SS
9717184|SS
9690200|SS
9717285|SS
9717299|SS
9688457|SS
9690358|SS
9694161|SS
9701650|SS
9685064|SS
9717731|SS
9717940|SS
9717943|SS
9717945|SS
9717946|SS
9717947|SS
9718177|SS
9718179|SS
9715052|SS
9718465|SS
9718469|SS
9718472|SS
9718473|SS
9718485|SS
9718488|SS
9718489|SS
9710991|SS
9710592|SS
9718758|SS
9680256|SS
9718924|SS
9718925|SS
9718926|SS
9718927|SS
9718928|SS
9718934|SS
9718936|SS
9718997|SS
9715832|SS
9717365|SS
9675193|SS
9695930|SS
9719110|SS
9719197|SS
9719507|SS
9719570|SS
9719587|SS
9719626|SS
9686070|SS
9684677|SS
9684638|SS
9684627|SS
9719967|SS
9719987|SS
9719981|SS
9720311|SS
9720075|SS
9720323|SS
9720321|SS
9766048|SS
9707218|SS
9720192|SS
9720227|SS
9720229|SS
9720267|SS
9720347|SS
9745138|SS
9720407|SS
9720426|SS
9720438|SS
9682789|SS
9720585|SS
9701717|SS
9701721|SS
9667289|SS
9720669|SS
9720670|SS
9709559|SS
9715588|SS
9720869|SS
10100010|SS
69356461|SS
9534954|SS
9534955|SS
9683753|SS
9685987|SS
9684215|SS
9534956|SS
9535696|SS
9535704|SS
9535105|SS
9535706|SS
9535708|SS
9535712|SS
9535340|SS
9533037|SS
9533246|SS
9533247|SS
9533249|SS
9667690|SS
9668289|SS
9668294|SS
9535705|SS
9675941|SS
9672774|SS
9672897|SS
9672904|SS
9674322|SS
9673935|SS
9673937|SS
9674814|SS
9675192|SS
69357204|SS
9684687|SS
9688363|SS
9683118|SS
9699465|SS
9674812|SS
69357206|SS
9687095|SS
9689446|SS
9719102|SS
9687880|SS
9674809|SS
9685727|SS
9695474|SS
9699464|SS
9703567|SS
9690100|SS
9688019|SS
9679851|SS
9683579|SS
9689441|SS
9533308|SS
10112216|SS
9680343|SS
9687909|SS
9536014|SS
9536012|SS
9685556|SS
9696136|SS
9535698|SS
9708593|SS
9710240|SS
9668293|SS
9535711|SS
9667689|SS
9714789|SS
9715891|SS
9718557|SS
9683878|SS
9721004|SS
9721009|SS
9721018|SS
9721019|SS
9721020|SS
9778501|SS
9778502|SS
9721167|SS
9532885|SS
9532847|SS
9670220|SS
9532799|SS
9533365|SS
9532887|SS
9532859|SS
9532860|SS
9532863|SS
9532865|SS
9532866|SS
1203070|SS
9702131|SS
9690389|SS
1203050|SS
9721248|SS
9721249|SS
9721250|SS
9709561|SS
9709467|SS
9709521|SS
9701051|SS
9701255|SS
9715921|SS
9721387|SS
9721447|SS
9704136|SS
9721420|SS
9721583|SS
9684032|SS
9684033|SS
9695329|SS
9695330|SS
9708442|SS
9719825|SS
9695679|SS
9699385|SS
9699386|SS
9699387|SS
9699388|SS
9694866|SS
9692643|SS
9692644|SS
9721621|SS
9676015|SS
13201769|SS
9721821|SS
9676756|SS
9721829|SS
9721830|SS
9721847|SS
9722180|SS
9780464|SS
9722742|SS
9722745|SS
9722753|SS
9722754|SS
9722756|SS
9722764|SS
9723166|SS
9723184|SS
9723212|SS
9695320|SS
9679207|SS
9679208|SS
9673106|SS
9723360|SS
9723361|SS
9723369|SS
9695948|SS
9699861|SS
9705663|SS
9688305|SS
9688306|SS
9723429|SS
9723433|SS
9723434|SS
9723435|SS
9723436|SS
9667302|SS
1203010|SS
1203030|SS
2106060|SS
9700552|SS
9700555|SS
9700556|SS
9696805|SS
9696801|SS
9696800|SS
9696798|SS
9709528|SS
9715523|SS
9721164|SS
9723760|SS
9723761|SS
9723771|SS
9723772|SS
9723773|SS
9723796|SS
9723797|SS
9723798|SS
9724094|SS
9724095|SS
1201045|SS
9724195|SS
9724490|SS
9724596|SS
9724614|SS
9716523|SS
9716524|SS
9716525|SS
9716526|SS
9716527|SS
9716528|SS
9716529|SS
9716530|SS
9716531|SS
9716544|SS
9716532|SS
9716547|SS
9716548|SS
9716533|SS
9716549|SS
9716563|SS
9716564|SS
9716566|SS
9716567|SS
9716569|SS
9716570|SS
9716468|SS
9716472|SS
9716473|SS
9716474|SS
9716475|SS
9716476|SS
9716482|SS
9716483|SS
9716487|SS
9716488|SS
9716489|SS
9716490|SS
9716491|SS
9716492|SS
9716494|SS
9716493|SS
9716503|SS
9716501|SS
9716507|SS
9724638|SS
9724648|SS
9724702|SS
9724703|SS
9724706|SS
9724707|SS
9715343|SS
9745803|SS
9724715|SS
9724716|SS
9724727|SS
9708621|SS
9688915|SS
9694542|SS
9723894|SS
9679889|SS
9532848|SS
9725000|SS
9725003|SS
9725030|SS
9689313|SS
9725169|SS
9721496|SS
9725293|SS
9725527|SS
9725529|SS
9725531|SS
9725564|SS
9725562|SS
9725647|SS
9725648|SS
9725649|SS
9725650|SS
9725715|SS
9725777|SS
9725780|SS
9700909|SS
9710193|SS
9710194|SS
9710195|SS
9725823|SS
9725991|SS
9726036|SS
9726040|SS
9726089|SS
9726394|SS
9726395|SS
9726401|SS
9726402|SS
9726404|SS
9726425|SS
9726426|SS
9726506|SS
9726547|SS
9726548|SS
9726549|SS
9726561|SS
9726563|SS
9726859|SS
9726916|SS
9727017|SS
9727119|SS
9727292|SS
9727322|SS
9727327|SS
9727443|SS
9688047|SS
9687245|SS
9704167|SS
9715596|SS
13205514|SS
16718005|SS
9727587|SS
9727604|SS
9727642|SS
9687219|SS
9706439|SS
9727711|SS
9718180|SS
9724175|SS
9727772|SS
9727775|SS
9727784|SS
9727789|SS
9717875|SS
9717544|SS
9718000|SS
9727806|SS
9727309|SS
9724994|SS
9727935|SS
9727936|SS
9727944|SS
9727945|SS
9727950|SS
9727951|SS
9727953|SS
9727954|SS
9727961|SS
9727963|SS
9727964|SS
9727966|SS
9727991|SS
9728000|SS
9728001|SS
9728002|SS
9728003|SS
9728004|SS
9728005|SS
9728007|SS
9728008|SS
9728011|SS
9728012|SS
9728013|SS
9728014|SS
9728015|SS
9728016|SS
9728020|SS
9728021|SS
9728023|SS
9728024|SS
9728031|SS
9728032|SS
9728194|SS
9728201|SS
9728250|SS
9728301|SS
9728367|SS
9728500|SS
9728502|SS
9693722|SS
9728539|SS
9728576|SS
9728693|SS
9727870|SS
9723690|SS
9726698|SS
9726703|SS
9726718|SS
9726729|SS
9726741|SS
9533793|SS
86710181|SS
9728833|SS
9728913|SS
9728915|SS
9728918|SS
9728925|SS
9728953|SS
9729074|SS
9729116|SS
9729244|SS
73521230|SS
73521130|SS
9729329|SS
9729330|SS
9729331|SS
9729376|SS
9729377|SS
9729379|SS
9729410|SS
9729421|SS
9729566|SS
9729567|SS
9729616|SS
9708588|SS
9708587|SS
9711941|SS
9711942|SS
9711559|SS
9719901|SS
9726025|SS
9729772|SS
9723529|SS
9727529|SS
9727987|SS
9729796|SS
9729797|SS
9729798|SS
9729799|SS
9729801|SS
9729804|SS
9729807|SS
9729809|SS
9729811|SS
9729814|SS
9729816|SS
9729818|SS
9729821|SS
9726376|SS
9724728|SS
9727276|SS
9725151|SS
9727575|SS
9727790|SS
9729910|SS
9729876|SS
9720740|SS
9720742|SS
9720743|SS
9720744|SS
9712971|SS
9720748|SS
9720752|SS
9720753|SS
9720754|SS
9720755|SS
9720761|SS
9720762|SS
9720763|SS
9720765|SS
9720767|SS
9730289|SS
17012852|SS
17012774|SS
17012856|SS
9730352|SS
9730374|SS
9730424|SS
1601015|SS
9701267|SS
9701265|SS
9701266|SS
9731001|SS
9731045|SS
9731148|SS
9731159|SS
9719627|SS
9731184|SS
9731185|SS
9731195|SS
9731197|SS
9731199|SS
9731203|SS
9731246|SS
9731248|SS
9731352|SS
9731439|SS
9731557|SS
9731559|SS
9731560|SS
9731566|SS
9731583|SS
9731584|SS
9707808|SS
9731772|SS
9731774|SS
9731775|SS
9668956|SS
9673361|SS
9732126|SS
9728922|SS
9732142|SS
9732189|SS
9732287|SS
9732289|SS
9732290|SS
9732293|SS
9732376|SS
9732472|SS
9732496|SS
9732499|SS
9732500|SS
9732501|SS
9732502|SS
9732503|SS
9684942|SS
9732780|SS
9678599|SS
9732871|SS
9732892|SS
9732893|SS
9732894|SS
9732898|SS
9732908|SS
9732909|SS
9733076|SS
9733115|SS
9733117|SS
9733207|SS
9733221|SS
9699732|SS
9733262|SS
9733266|SS
9733273|SS
9733375|SS
9733397|SS
9733398|SS
9733480|SS
9733623|SS
9733624|SS
9733627|SS
9732896|SS
9701647|SS
9704305|SS
9700012|SS
9733763|SS
9733765|SS
9733766|SS
9532690|SS
9733783|SS
9733819|SS
9733825|SS
9733978|SS
9734079|SS
9734080|SS
9734081|SS
9734082|SS
9734083|SS
9734084|SS
9734085|SS
9734086|SS
9734087|SS
9734088|SS
9734089|SS
9734090|SS
9734091|SS
9734092|SS
9734093|SS
9734094|SS
9734095|SS
9734096|SS
9734097|SS
9734098|SS
9734099|SS
9734100|SS
9734101|SS
9734102|SS
9734103|SS
9734104|SS
9734105|SS
9734253|SS
9734282|SS
9734374|SS
9734533|SS
9734538|SS
9732873|SS
9734562|SS
9734576|SS
9734615|SS
73511130|SS
73513230|SS
73513130|SS
73500107|SS
73500108|SS
9680779|SS
73500104|SS
73500106|SS
73500100|SS
13205532|SS
9715293|SS
1607350|SS
9734887|SS
9735160|SS
9735163|SS
9728923|SS
9735198|SS
9735210|SS
9532626|SS
9735248|SS
9735249|SS
9735250|SS
9735251|SS
9735253|SS
9735437|SS
9735438|SS
9735439|SS
9735449|SS
9735454|SS
9735477|SS
9735485|SS
9735487|SS
9735491|SS
9735499|SS
9726491|SS
75605105|SS
9735700|SS
9735704|SS
9735710|SS
9704785|SS
9735826|SS
9735828|SS
9735829|SS
9735853|SS
9735881|SS
9533347|SS
9674779|SS
9674795|SS
9687281|SS
9705875|SS
9674859|SS
9674839|SS
9674871|SS
9686452|SS
9686455|SS
13401057|SS
9717281|SS
9705872|SS
9705870|SS
9707309|SS
9736255|SS
9736259|SS
9724097|SS
9728924|SS
9736690|SS
9736692|SS
9716452|SS
9736921|SS
9736924|SS
9736945|SS
9736992|SS
9736993|SS
9726243|SS
9737008|SS
9680551|SS
9708526|SS
9710573|SS
9728689|SS
9730480|SS
9712244|SS
9719162|SS
9712868|SS
9710984|SS
9696371|SS
9687098|SS
9686889|SS
9686888|SS
87860002|SS
9534515|SS
9713513|SS
9686574|SS
9686575|SS
9690830|SS
9737084|SS
9737153|SS
9737192|SS
9737193|SS
9667685|SS
9737305|SS
9735463|SS
9733798|SS
9733799|SS
9733756|SS
9679731|SS
9667572|SS
9675877|SS
9677861|SS
9679138|SS
9676189|SS
9679874|SS
9680319|SS
9686848|SS
9684203|SS
9675386|SS
9676187|SS
9672198|SS
9690026|SS
9683661|SS
9704166|SS
9690212|SS
9690864|SS
9697000|SS
9680323|SS
9697002|SS
9686083|SS
9691687|SS
9680321|SS
9682122|SS
9706677|SS
9697838|SS
9697170|SS
9696996|SS
9709379|SS
9737373|SS
9737440|SS
9706540|SS
9737613|SS
9737616|SS
9737618|SS
9700551|SS
9700554|SS
9737777|SS
9737876|SS
9737913|SS
9737963|SS
9737992|SS
9738007|SS
9738124|SS
9738128|SS
9738133|SS
9738172|SS
9738248|SS
9738251|SS
9738254|SS
9738255|SS
9738256|SS
9698125|SS
9698123|SS
73500109|SS
73500111|SS
9738264|SS
9738292|SS
9738293|SS
9738488|SS
9738489|SS
9738490|SS
9732130|SS
9701269|SS
9707204|SS
9707276|SS
9680475|SS
9738606|SS
9738622|SS
9738647|SS
9709470|SS
9738700|SS
9738702|SS
9693642|SS
9733072|SS
9704057|SS
9701049|SS
9693779|SS
9732221|SS
9738964|SS
9738965|SS
9738968|SS
9693780|SS
9693781|SS
9692606|SS
9693785|SS
9673186|SS
9739011|SS
9739015|SS
9739017|SS
9739136|SS
9739156|SS
9739172|SS
9716537|SS
9716539|SS
9716540|SS
9739316|SS
9739324|SS
9739359|SS
9739368|SS
9535356|SS
9534855|SS
9535801|SS
9535822|SS
9535808|SS
9535816|SS
9535800|SS
9739387|SS
9739565|SS
9739671|SS
9739676|SS
9739677|SS
9739679|SS
69357336|SS
9740248|SS
9740249|SS
9672196|SS
9678542|SS
9677860|SS
9740277|SS
9740278|SS
9740350|SS
9740381|SS
9740382|SS
9740383|SS
9723618|SS
9740477|SS
9740489|SS
9740494|SS
9740514|SS
9740608|SS
9740639|SS
9740640|SS
9740641|SS
9740646|SS
9740651|SS
9714739|SS
9740622|SS
9740773|SS
9740827|SS
9740829|SS
9740873|SS
9738390|SS
9738428|SS
9740938|SS
13205642|SS
9741134|SS
9741447|SS
9741538|SS
9741585|SS
9741593|SS
9741616|SS
9741622|SS
9741638|SS
9741756|SS
9741788|SS
9741849|SS
9741854|SS
9741875|SS
9741902|SS
9741900|SS
9734077|SS
9741903|SS
9741904|SS
9741905|SS
9741906|SS
9693783|SS
9742035|SS
9726956|SS
9742110|SS
9742111|SS
9742112|SS
9742169|SS
9742184|SS
9742185|SS
9742186|SS
9742201|SS
9742426|SS
9741135|SS
9742434|SS
9742496|SS
9742497|SS
9742501|SS
9742502|SS
9742243|SS
9742249|SS
9742251|SS
9742536|SS
9742539|SS
9710197|SS
9742656|SS
9703985|SS
9722140|SS
9742687|SS
9742698|SS
9738476|SS
9742720|SS
9742721|SS
9742716|SS
9742711|SS
9743416|SS
9743418|SS
9743422|SS
9743455|SS
9743621|SS
9743629|SS
9743668|SS
9743669|SS
9744283|SS
9744282|SS
9744285|SS
9744337|SS
9744342|SS
9744381|SS
9744387|SS
9744399|SS
9744488|SS
9726697|SS
9739283|SS
9733100|SS
9732741|SS
9710489|SS
9719890|SS
9719891|SS
9719892|SS
9700199|SS
9700200|SS
9722043|SS
9744730|SS
9744750|SS
9744999|SS
9745034|SS
9745035|SS
9745036|SS
9745037|SS
9534158|SS
9534107|SS
9745374|SS
9745409|SS
9745425|SS
9745426|SS
9745330|SS
9745430|SS
9745431|SS
9745432|SS
9745334|SS
9745517|SS
9745537|SS
9745547|SS
9745604|SS
9745638|SS
9745773|SS
9745777|SS
9745273|SS
9745992|SS
9746003|SS
9746151|SS
9746165|SS
9746220|SS
9746240|SS
9746309|SS
9746350|SS
9746352|SS
9746498|SS
9746437|SS
9746559|SS
9746608|SS
9746661|SS
9746662|SS
9746664|SS
9746666|SS
9746736|SS
9746737|SS
9746738|SS
9746739|SS
9746808|SS
9746822|SS
9746827|SS
9746844|SS
9746845|SS
9746919|SS
9746921|SS
9746926|SS
9675005|SS
9707194|SS
9666902|SS
9686987|SS
9674478|SS
9747035|SS
9747043|SS
9747040|SS
9747048|SS
9747049|SS
9747066|SS
9747071|SS
9747252|SS
9747254|SS
9746164|SS
9738141|SS
9747276|SS
9747301|SS
9747305|SS
9747308|SS
9747309|SS
9747311|SS
9747312|SS
9747337|SS
9747340|SS
9747342|SS
9747343|SS
9747344|SS
9747346|SS
9747347|SS
9747353|SS
9747354|SS
9747356|SS
9735472|SS
9735489|SS
9735490|SS
9747486|SS
9747491|SS
9747610|SS
9747613|SS
9747741|SS
9747756|SS
9747782|SS
9747805|SS
9747811|SS
9747846|SS
9732129|SS
9747874|SS
9747996|SS
9747999|SS
9677755|SS
9745859|SS
9745278|SS
9748042|SS
9708396|SS
9712224|SS
9748225|SS
9714549|SS
9748227|SS
9699082|SS
9748326|SS
9748330|SS
9748382|SS
9748465|SS
9748621|SS
9748699|SS
9748771|SS
9748772|SS
9748774|SS
9748775|SS
9748776|SS
9748791|SS
9748882|SS
9748893|SS
9748879|SS
9748959|SS
9749039|SS
9749065|SS
9749078|SS
9749169|SS
9749201|SS
9745277|SS
9749256|SS
9747975|SS
9749330|SS
9749331|SS
9707277|SS
9749397|SS
9749400|SS
9749401|SS
9749403|SS
9749405|SS
9749407|SS
9749414|SS
9749438|SS
9749454|SS
9749544|SS
9749546|SS
9749555|SS
9749557|SS
9749558|SS
9749560|SS
9749575|SS
9749576|SS
9749581|SS
9749654|SS
9749671|SS
9749772|SS
9749775|SS
9749776|SS
9749782|SS
9722138|SS
9749848|SS
9749849|SS
9749890|SS
9742129|SS
9750182|SS
9750248|SS
9726792|SS
9750367|SS
9750368|SS
9750370|SS
9750470|SS
9750466|SS
9750464|SS
9722115|SS
9749967|SS
9749969|SS
9750502|SS
9750503|SS
9750504|SS
9750507|SS
9750509|SS
9749976|SS
9749979|SS
9749980|SS
9749981|SS
9749982|SS
9749983|SS
9749984|SS
9750523|SS
9750524|SS
9750525|SS
9750527|SS
9750528|SS
9750530|SS
9749989|SS
9750533|SS
9749991|SS
9749993|SS
9749992|SS
9750539|SS
9749895|SS
9750548|SS
9720757|SS
9715467|SS
13201219|SS
9669016|SS
9725992|SS
9750563|SS
9726419|SS
9689766|SS
9727413|SS
9750564|SS
9747042|SS
9718471|SS
9672434|SS
9680011|SS
9695211|SS
9683597|SS
9750852|SS
9750853|SS
9750855|SS
9750856|SS
9750877|SS
9750896|SS
9750897|SS
9750924|SS
9743595|SS
9741076|SS
9742200|SS
9741075|SS
9742252|SS
9750956|SS
9751065|SS
9751133|SS
9751144|SS
9751150|SS
9751161|SS
9751198|SS
9751276|SS
9751278|SS
9751279|SS
9749768|SS
9751337|SS
9751340|SS
9751345|SS
9751346|SS
9729407|SS
9680747|SS
9732883|SS
9740672|SS
9534876|SS
9751431|SS
9751542|SS
9751566|SS
9751571|SS
9751572|SS
9751573|SS
9751574|SS
9751575|SS
9751576|SS
9751704|SS
9751705|SS
9751706|SS
9751764|SS
9751851|SS
9751852|SS
9726557|SS
9707542|SS
9751885|SS
9751888|SS
9751889|SS
9751890|SS
9740128|SS
9750170|SS
9751964|SS
9752005|SS
9752018|SS
9734292|SS
9752074|SS
9752075|SS
9752167|SS
9752323|SS
9752387|SS
9752394|SS
9750763|SS
9752534|SS
9732819|SS
9735004|SS
9747611|SS
9735674|SS
9737836|SS
9743280|SS
9752586|SS
9752569|SS
9752665|SS
9752742|SS
9752746|SS
9752747|SS
9752766|SS
9752821|SS
9752822|SS
9752826|SS
9752828|SS
9752830|SS
9752941|SS
9752942|SS
9753006|SS
9733769|SS
9671373|SS
9753074|SS
9753150|SS
9753149|SS
9749940|SS
9753242|SS
9753269|SS
9753276|SS
9753310|SS
70021140|SS
9717888|SS
9536001|SS
9742741|SS
9753772|SS
9753826|SS
9753843|SS
9754050|SS
9754079|SS
9754051|SS
9754137|SS
9753962|SS
9754219|SS
9754224|SS
9754233|SS
9754325|SS
9753247|SS
9754232|SS
9754231|SS
69358136|SS
9755452|SS
9755457|SS
9755463|SS
9755470|SS
9755623|SS
9755624|SS
9755679|SS
9755729|SS
9755744|SS
9755758|SS
9755763|SS
9755767|SS
9755769|SS
9755770|SS
9755772|SS
9755775|SS
9755781|SS
9755811|SS
9755856|SS
9755858|SS
9753215|SS
9673157|SS
9689470|SS
9755935|SS
9755936|SS
9679531|SS
9756010|SS
9756034|SS
9756035|SS
9756036|SS
9756114|SS
9756227|SS
9756226|SS
9722564|SS
9742620|SS
9756488|SS
9740279|SS
9756521|SS
9756524|SS
9756528|SS
9756530|SS
9756533|SS
9756534|SS
9756536|SS
9756539|SS
9749428|SS
9756639|SS
9756636|SS
9756638|SS
9682554|SS
9756910|SS
9756919|SS
9756932|SS
9714726|SS
9727414|SS
9757014|SS
9732528|SS
9669013|SS
9757223|SS
9757225|SS
9686871|SS
9690216|SS
9712969|SS
9720750|SS
9757296|SS
9757320|SS
9757327|SS
9757431|SS
9757503|SS
9706091|SS
9757520|SS
9757549|SS
9757592|SS
9757597|SS
9757610|SS
9757666|SS
9757620|SS
9757800|SS
9757801|SS
9757925|SS
9757952|SS
9758028|SS
9758114|SS
9758128|SS
9758129|SS
9758130|SS
9758132|SS
9758133|SS
9758134|SS
9758135|SS
9758138|SS
9758139|SS
9758143|SS
9758144|SS
9758145|SS
9758146|SS
9758147|SS
9758148|SS
9758149|SS
9758150|SS
9758154|SS
9758155|SS
9758173|SS
9758174|SS
9758175|SS
9758176|SS
9758181|SS
9758182|SS
9758183|SS
9758186|SS
9758187|SS
9758188|SS
9758190|SS
9757794|SS
9700169|SS
9725001|SS
9726429|SS
9713034|SS
9713035|SS
9706327|SS
9716873|SS
9694641|SS
9713037|SS
9758480|SS
9758484|SS
9758485|SS
9758488|SS
9758492|SS
9758493|SS
9758498|SS
9758539|SS
9758548|SS
9758772|SS
9759054|SS
9759055|SS
9759188|SS
9753665|SS
9735676|SS
9750413|SS
9759212|SS
9759213|SS
9749163|SS
9759240|SS
9759269|SS
9759270|SS
9759292|SS
9756597|SS
9759394|SS
9759395|SS
9759406|SS
9759414|SS
9759418|SS
9759432|SS
9759443|SS
9759453|SS
9759454|SS
9759466|SS
9721180|SS
9759612|SS
9759655|SS
9759818|SS
69357312|SS
9759774|SS
9532619|SS
9759902|SS
9759933|SS
9759935|SS
9759932|SS
9760124|SS
9760370|SS
9760371|SS
9760387|SS
9751494|SS
9760456|SS
9760458|SS
9746579|SS
9720591|SS
9667029|SS
9760706|SS
9760708|SS
9760751|SS
9760752|SS
9760753|SS
9760620|SS
9760830|SS
9760874|SS
9751141|SS
9760915|SS
9760923|SS
9760961|SS
9737990|SS
9760991|SS
9760992|SS
9761087|SS
9669691|SS
9702711|SS
9700255|SS
82000071|SS
9725565|SS
9729375|SS
9666932|SS
9710764|SS
9696524|SS
9738436|SS
9533692|SS
9747014|SS
9735237|SS
82000020|SS
82000030|SS
9700256|SS
82000010|SS
9698208|SS
9751602|SS
9724585|SS
9687047|SS
9687048|SS
9687054|SS
9687053|SS
9682121|SS
9687044|SS
9748191|SS
9731945|SS
9761117|SS
9761132|SS
9761136|SS
9761141|SS
9761207|SS
9761208|SS
9750797|SS
9761335|SS
9761407|SS
9761417|SS
9761411|SS
9761414|SS
9761415|SS
9761402|SS
9761403|SS
9761418|SS
9761419|SS
9761420|SS
9761433|SS
9740668|SS
69355151|SS
9761224|SS
9681030|SS
9761547|SS
9761615|SS
9761644|SS
9761659|SS
70041115|SS
70041116|SS
9761679|SS
9761662|SS
9761886|SS
9761888|SS
9761892|SS
9761904|SS
9761906|SS
9761912|SS
9761913|SS
9761914|SS
9761915|SS
9761919|SS
9761920|SS
9761922|SS
9761923|SS
9761924|SS
9761930|SS
9762042|SS
9762043|SS
9762159|SS
9762164|SS
9762170|SS
9762171|SS
9533283|SS
9674299|SS
9678607|SS
9752694|SS
9750174|SS
9737531|SS
9762277|SS
9762337|SS
9762340|SS
9762343|SS
9762405|SS
9762411|SS
9762412|SS
9762413|SS
9757279|SS
9762459|SS
9762473|SS
9689311|SS
9730781|SS
9730786|SS
9730783|SS
9730790|SS
9762563|SS
9762566|SS
9762584|SS
9762622|SS
9762624|SS
9762626|SS
9762657|SS
9532858|SS
9762680|SS
9762681|SS
9762724|SS
9762759|SS
9762765|SS
9727941|SS
9702661|SS
9720671|SS
9749584|SS
9751344|SS
9680574|SS
9688340|SS
9762881|SS
9762903|SS
9762931|SS
9749264|SS
9749261|SS
9753688|SS
9743512|SS
9753681|SS
9753685|SS
9753683|SS
9753686|SS
9753671|SS
9763088|SS
9759335|SS
9763093|SS
9763094|SS
9763139|SS
9753689|SS
9753677|SS
9752943|SS
9753679|SS
9757934|SS
9702157|SS
9701850|SS
9731174|SS
9749399|SS
9534984|SS
9534985|SS
9763167|SS
9763390|SS
9763435|SS
9735170|SS
9735169|SS
9763445|SS
9763503|SS
9763505|SS
9747156|SS
9753325|SS
9750610|SS
9763973|SS
9747209|SS
9748121|SS
9764050|SS
9764096|SS
9764015|SS
9763998|SS
9764137|SS
9764199|SS
9764836|SS
9764837|SS
9764839|SS
9764856|SS
9764861|SS
9764863|SS
9764865|SS
9764866|SS
9764867|SS
9764869|SS
9764871|SS
9764872|SS
9764874|SS
9764875|SS
9764876|SS
9764878|SS
9764879|SS
9764880|SS
9764881|SS
9764884|SS
9764885|SS
9764948|SS
9764953|SS
9764955|SS
9764956|SS
9764960|SS
9764963|SS
9764964|SS
9764966|SS
9764967|SS
9764968|SS
9764999|SS
9765000|SS
9765002|SS
9765005|SS
9765008|SS
9765040|SS
9764974|SS
9764975|SS
9764979|SS
9764980|SS
9764981|SS
9765017|SS
9765019|SS
9764983|SS
9764989|SS
9764997|SS
9765026|SS
9765027|SS
9765029|SS
9765030|SS
9765032|SS
9765031|SS
9765034|SS
9765033|SS
9765035|SS
9764853|SS
